,species,group,lcat,Afghanistan,Albania,Algeria,American Samoa (US),Andorra,Angola,Anguilla (UK),Antigua and Barbuda,Argentina,Armenia,Aruba (Neth.),Australia,Austria,Azerbaijan,"Bahamas, The",Bahrain,Bangladesh,Belarus,Belgium,Belize,Benin,Bermuda (UK),Bhutan,Bolivia,Bonaire (Neth.),Bosnia and Herzegovina,Botswana,Brazil,British Virgin Islands (UK),Brunei Darussalam,Bulgaria,Burkina Faso,Burundi,Cabo Verde,Cambodia,Cameroon,Canada,Cayman Islands (UK),Central African Republic,Chad,Chile,China,Clipperton Island (Fr.),Colombia,"Congo, Democratic Republic of","Congo, Rep. of",Cook Islands (NZ),Costa Rica,Croatia,Cuba,Curaçao (Neth.),Cyprus,Czech Republic,Denmark,Djibouti,Dominica,Dominican Republic,Ecuador,"Egypt, Arab Republic of",El Salvador,Equatorial Guinea,Eritrea,Estonia,Ethiopia,Faroe Islands (Den.),Fiji,Finland,France,French Polynesia (Fr.),French Southern and Antarctic Lands (Fr.),Gabon,"Gambia, The",Georgia,Germany,Ghana,Gibraltar (UK),Greece,Greenland (Den.),Grenada,Guam (US),Guantanamo Bay (US),Guatemala,Guernsey (UK),Guinea,Guinea-Bissau,Guyana,Haiti,Honduras,"Hong Kong (SAR, China)",Hungary,Iceland,India,Indonesia,"Iran, Islamic Republic of",Iraq,Ireland,Isle of Man (UK),Israel,Italy,Jamaica,Japan,Jarvis Island (US),Jersey (UK),Johnston Atoll (US),Jordan,Kazakhstan,Kenya,Kingman Reef (US),Kiribati,"Korea, Democratic People's Republic of","Korea, Republic of",Kosovo,Kuwait,Kyrgyz Republic,Lao People's Democratic Republic,Latvia,Lebanon,Libya,Liechtenstein,Lithuania,Luxembourg,"Macau (SAR, China)",Malaysia,Mali,Malta,Mauritania,Mexico,Midway Islands (US),Moldova,Monaco,Mongolia,Montenegro,Montserrat (UK),Morocco,Myanmar,Namibia,Navassa Island (US),Nepal,Netherlands,New Caledonia (Fr.),New Zealand,Nicaragua,Niger,Nigeria,Niue (NZ),Norfolk Island (Aus.),North Macedonia,Northern Mariana Islands (US),Norway,Oman,Pakistan,Palmyra Atoll (US),Panama,Papua New Guinea,Paraguay,Peru,Philippines,Pitcairn Islands (UK),Poland,Portugal,Puerto Rico (US),Qatar,Romania,Russian Federation,Rwanda,Saba (Neth.),Saint Kitts and Nevis,Saint Lucia,Saint Vincent and the Grenadines,Saint-Barthélemy (Fr.),Saint-Martin (Fr.),Saint-Pierre-et-Miquelon (Fr.),Samoa,San Marino,Saudi Arabia,Senegal,Serbia,Singapore,Sint Eustatius (Neth.),Sint Maarten (Neth.),Slovak Republic,Slovenia,Somalia,South Africa,South Sudan,Spain,Sri Lanka,Sudan,Suriname,Sweden,Switzerland,Syrian Arab Republic,São Tomé and Príncipe,Tajikistan,Tanzania,Thailand,Togo,Tokelau (NZ),Tonga,Trinidad and Tobago,Tunisia,Turkey,Turkmenistan,Turks and Caicos Islands (UK),Tuvalu,U.S. Virgin Islands (US),Uganda,Ukraine,United Arab Emirates,United Kingdom,United States of America,Uruguay,Uzbekistan,Vanuatu,Vatican City,"Venezuela, Republica Bolivariana de",Vietnam,West Bank and Gaza,"Yemen, Republic of",Barbados,Christmas Island (Aus.),Comoros,Côte d'Ivoire,Lesotho,Liberia,Madagascar,Malawi,Maldives,"Micronesia, Federated States of",Mozambique,Palau,Sierra Leone,Solomon Islands,eSwatini,Zambia,Zimbabwe,Mauritius,South Georgia and South Sandwich Islands (UK),Timor-Leste,British Indian Ocean Territory (UK),Cocos (Keeling) Islands (Aus.),Falkland Islands (UK)/Islas Malvinas,Marshall Islands,Nauru,Seychelles,Wallis-et-Futuna (Fr.),"Saint Helena, Ascension and Tristan da Cunha (UK)",Heard Island and McDonald Islands (Aus.),Wake Island (US),Baker Island (US),Howland Island (US),,Percentage
3521,Lecidella subviridis,Fungi,Land_Coast,,,,,,,,,,,,,1.696233581,,,,,1.4306296,,,,,,,,,,,,,,,,,,,7.682402614,,,,,,,,,,,,,,,,3.822529099,1.866552639,,,,,,,,,2.255551261,,,,0.00050808,,,,,,,7.037584512,,,,,,,,,,,,,,,,,,,,,,,,,0.067447827,,,,,,,,,,,,,,,,,2.741988105,,,,3.130657831,,,,,,,,,,,,,,,,,,,,,,,,,,,,,10.18000034,,,,,,,,,,15.45157729,,,,0.024818877,1.261320079,,,,,,,,,,,,,,,,,0.611500145,,,,,,,,,11.1703061,,,,,,,,,,,,,,,,,,2.733821371,,,26.83457065,,,,,,,,,,,,,,,,,,,,,,,,,,,,,,,,,,,,,,,,,,100
3522,Lecidella tumidula,Fungi,Land_Coast,,,,,,,,,,,,,,,,,,,,,,,,,,,,,,,,,,,,,,,,,,,,,,,,,,,,,,,,,,,,,,,,,,,,,,,,,,,,,,,,,,,,,,,,,,,,,,,,,,,,,,,,,,,,,,,,,,,,,,,,,,,,,,,,,,,,,,,,,,,,,,,,,,,,,71.84945984,,,,,,,,,,,,,,,,,,,,,,,,,,,,,,,,,,,,,,,,,28.15054016,,,,,,,,,,,,,,,,,,,,,,,,,,,,,,,,,,,,,,,,,,,,,,,,,,,,,,,,,,,,,,,100
3526,Lecidella wulfenii,Fungi,Land_Coast,,0.201009653,,,0.005100987,,,,,,,,0.94627473,,,,,0.105128481,0.345281733,,,,,,,0.584350088,,,,,0.000163724,,,,,,40.71518632,,,,,,,,,,,,0.62087992,,,,0.886861722,0.48010528,,,,,,,,,0.122860739,,,,2.54271725,5.466691499,,,,,,4.026369095,,,,0.646450043,,,,,,,,,,,,0.956094561,0.909268156,,,,,,,,2.707478119,,,,,,,,,,,,,0.123092041,,,,0.263941149,,,0.001546438,0.51991227,0.029372366,,,,,,,,,0.00021244,,0.154828662,,,,,,,0.417543235,,1.023414305,,,,,,0.213106252,,4.038206059,,,,,,,,,,3.288360339,,,,0.090324119,3.886705374,,,,,,,,,,0.000680119,,,0.724780447,,,,0.505666521,0.229087115,,,,0.374499767,,,,5.010628396,0.466902339,,,,,,,,,,,,,,,,,,,1.867910247,14.50100776,,,,1.38E-07,,,,,,,,,,,,,,,,,,,,,,,,,,,,,,,,,,,,,,100
3527,Lecidella xylogena,Fungi,Land_Coast,,,,,,,,,,,,100,,,,,,,,,,,,,,,,,,,,,,,,,,,,,,,,,,,,,,,,,,,,,,,,,,,,,,,,,,,,,,,,,,,,,,,,,,,,,,,,,,,,,,,,,,,,,,,,,,,,,,,,,,,,,,,,,,,,,,,,,,,,,,,,,,,,,,,,,,,,,,,,,,,,,,,,,,,,,,,,,,,,,,,,,,,,,,,,,,,,,,,,,,,,,,,,,,,,,,,,,,,,,,,,,,,,,,,,,,,,,,,,,,,,,,,,,,,,,,,,,100
3563,Lecocarpus leptolobus,Plants,Coast,,,,,,,,,,,,,,,,,,,,,,,,,,,,,,,,,,,,,,,,,,,,,,,,,,,,,,,,,,100,,,,,,,,,,,,,,,,,,,,,,,,,,,,,,,,,,,,,,,,,,,,,,,,,,,,,,,,,,,,,,,,,,,,,,,,,,,,,,,,,,,,,,,,,,,,,,,,,,,,,,,,,,,,,,,,,,,,,,,,,,,,,,,,,,,,,,,,,,,,,,,,,,,,,,,,,,,,,,,,,,,,,,,,,,,,,,,,,,,,,,,,,,,,,,,,,,,100
3564,Lecocarpus pinnatifidus,Plants,Coast,,,,,,,,,,,,,,,,,,,,,,,,,,,,,,,,,,,,,,,,,,,,,,,,,,,,,,,,,,100,,,,,,,,,,,,,,,,,,,,,,,,,,,,,,,,,,,,,,,,,,,,,,,,,,,,,,,,,,,,,,,,,,,,,,,,,,,,,,,,,,,,,,,,,,,,,,,,,,,,,,,,,,,,,,,,,,,,,,,,,,,,,,,,,,,,,,,,,,,,,,,,,,,,,,,,,,,,,,,,,,,,,,,,,,,,,,,,,,,,,,,,,,,,,,,,,,,100
7872,Leptasterias pusilla,Other_Animals,Coast,,,,,,,,,,,,,,,,,,,,,,,,,,,,,,,,,,,,,,,,,,,,,,,,,,,,,,,,,,,,,,,,,,,,,,,,,,,,,,,,,,,,,,,,,,,,,,,,,,,,,,,,,,,,,,,,,,,,,,,,,,,,,,,,,,,,,,,,,,,,,,,,,,,,,,,,,,,,,,,,,,,,,,,,,,,,,,,,,,,,,,,,,,,,,,,,,,,,,,,,,,,,,,,,,,,100,,,,,,,,,,,,,,,,,,,,,,,,,,,,,,,,,,,,,,,,,,100
9347,Anchoviella alleni,Fish,Land,,,,,,,,,,,,,,,,,,,,,,,,4.382375091,,,,77.56848117,,,,,,,,,,,,,,,,,,,,,,,,,,,,,,0.593488317,,,,,,,,,,,,,,,,,,,,,,,,,,,,,,,,,,,,,,,,,,,,,,,,,,,,,,,,,,,,,,,,,,,,,,,,,,,,,,,,,,,,,,,,,,,,,,,,,,17.45565542,,,,,,,,,,,,,,,,,,,,,,,,,,,,,,,,,,,,,,,,,,,,,,,,,,,,,,,,,,,,,,,,,,,,,,,,,,,,,,,,,,,,,,,,,,,,,,,,,100
9350,Anchoviella carrikeri,Fish,Land,,,,,,,,,,,,,,,,,,,,,,,,14.90679509,,,,84.01522117,,,,,,,,,,,,,,,,,,,,,,,,,,,,,,,,,,,,,,,,,,,,,,,,,,,,,,,,,,,,,,,,,,,,,,,,,,,,,,,,,,,,,,,,,,,,,,,,,,,,,,,,,,,,,,,,,,,,,,,,,,,,,,,,1.077983739,,,,,,,,,,,,,,,,,,,,,,,,,,,,,,,,,,,,,,,,,,,,,,,,,,,,,,,,,,,,,,,,,,,,,,,,,,,,,,,,,,,,,,,,,,,,,,,,,100
9353,Anchoviella guianensis,Fish,Land_Coast,,,,,,,,,,,,,,,,,,,,,,,,1.981240018,,,,65.4715602,,,,,,,,,,,,,,,,10.13895795,,,,,,,,,,,,,,,,,,,,,,,,1.582405424,,,,,,,,,,,,,,,,,,4.017752041,,,,,,,,,,,,,,,,,,,,,,,,,,,,,,,,,,,,,,,,,,,,,,,,,,,,,,,,,,,,,,,,,,,,,,1.471795221,,,,,,,,,,,,,,,,,,,,,,,,,,,,,,,,,2.760661824,,,,,,,,,,,,,,,,,,,,,,,,,,,12.57562732,,,,,,,,,,,,,,,,,,,,,,,,,,,,,,,,,,,,,100
9992,Leptoseris glabra,Other_Animals,Ocean_Coast,,,,,,,,,,,,5.885419817,,,,,,,,,,,,,,,,,,,,,,,,,,,,,,,,,,,,,,,,,,,,,14.79053102,,,,,,,,,,,1.50275935,,,,,,,,,,,,,,,,,,,,,,,,,,,,,,,,,,,,,,,,,,,,,,,,,,,,,,,,,,,,,,,,,,,,,,,,63.43970343,,,,,,,,,,5.828112537,,,,,,,,,,,,,,,,,,,,,,,,,,,,,,,,,,,,,,,,,,,,,,,,,,,,,,,,,,,,,,,,,,,,,,,,,,,,,,,,,,,8.553473841,,,,,,,,,,,,,,,,,,,,100
9993,Leptoseris hawaiiensis,Other_Animals,Ocean_Coast,,,,,,,,,,,,17.16933862,,,,,,,,,,,,,,,,,,,,,,,,,,,,,,,,,,,,,,,,,,,,,,,,,,,,,,,,0.447451416,0.413893729,0.003403787,,,,,,,,,,,,,,,,,,,,,,,56.36131076,,,,,,,,,,,,,,,,,,,,,,,,,,,,,,,,,,,,,,,,,,,,,,,2.681231183,,,,,,,,,,,,,,10.37691572,,,,,,,,,,,,,,,,,,,,,,,,,,,,,,,,,,,,,,,,,,,,,,,,,,,,,,,,,0.980626788,,,,,,,,,,0.014853414,0.067479091,,,,10.53193535,,,,,,,0.731906933,,,,,,0.219653214,,,,,,,,,,,,,,100
9997,Leptoseris scabra,Other_Animals,Ocean_Coast,,,,,,,,,,,,13.26809084,,,,,,,,,,,,,,,,,,,,,,,,,,,,,,,,,,,,,,,,,,,,,,,,,,,,,,,,0.392288888,0.209333927,0.000259605,,,,,,,,,,,,,,,,,,,,,,,46.91022709,,,,,,,,,,,,,,,,,,,,,,,,,,,,,,6.301171063,,,,,,,,,,,,,,,,,2.392551892,,,,,,,,,,,,,,1.805397126,,,12.03165887,,,,,,,,,,,,,,,,,,,,,,,,,,,,,,,,,,,,,,,,,,,,,,,,,,,,,,,,,,,,,,,,,0.164072554,,,,15.79543798,,,,,0.064906247,,0.597393948,,,,,,0.03485331,,,,,,0.03235666,,,,,,,,100
9999,Leptoseris tubulifera,Other_Animals,Coast,,,,,,,,,,,,,,,,,,,,,,,,,,,,,,,,,,,,,,,,,,,,,,,,,,,,,,,,,,,,,,,,,,,,,,,,,,,,,,,,,,,,,,,,,,,,,,,,,,,,,,,,,,,,,,,,,,,,,,,,,,,,,,,,,,,,,,,,,,,,85.06397448,,,,,,,,,,,,,,,,,,,,,,,,,,,,,,,,,,,,,,,,,,,,,,,,,,,,,,,,,,,,,,,,,,,,,,,14.93602552,,,,,,,,,,,,,,,,,,,,,,,,,,,,,,,,,,,,,,,,,,100
83,Laringa horsfieldii,Arthropods,Land,,,,,,,,,,,,,,,,,,,,,,,,,,,,,,,,,,,,,,,,,,7.757819058,,,,,,,,,,,,,,,,,,,,,,,,,,,,,,,,,,,,,,,,,,,,,,,,,,,,,,,,,,,,,,,,,,,,,,,,,8.195357719,,,,,,,,,,,,,,,,,,,,36.5884223,,,,,,,,,,,,,,,,,,,,,,,,,,,,,,,,,,,,,,,,,,,,,,,,,,,,,,,,,,,,,47.45840092,,,,,,,,,,,,,,,,,,,,,,,,,,,,,,,,,,,,,,,,,,,,,,,,,,,,,,,,,100
84,Larinia bifida,Arthropods,Land_Coast,,,,,,,,,,,,,,,,,,,,,,,,,,,43.88705116,,,,,,,,,,,,,,,,,,,,,,,,,,,,,,,,,,,,,,,,,,,,,,,,,,,,,,,,,,,,,,,,,,,,,,,,,,,,,,,,,,,,,,,,,,,,,,,,,,,,,,,,,,,,,1.414873702,,,,,,,,,,,,,,,,,,,,,,,,,,,,,,,,,,,,,,,,,,,,,,,,54.69807514,,,,,,,,,,,,,,,,,,,,,,,,,,,,,,,,,,,,,,,,,,,,,,,,,,,,,,,,,,,,,,,,,,,,,100
85,Larinia bonneti,Arthropods,Land_Coast,,,,,,,,,,,,,,,,,,,,,,,,,,,,,,,,,,,,,,,,,,,,,,,,,,,,,,,,,,,,,,,,,,,,100,,,,,,,,,,,,,,,,,,,,,,,,,,,,,,,,,,,,,,,,,,,,,,,,,,,,,,,,,,,,,,,,,,,,,,,,,,,,,,,,,,,,,,,,,,,,,,,,,,,,,,,,,,,,,,,,,,,,,,,,,,,,,,,,,,,,,,,,,,,,,,,,,,,,,,,,,,,,,,,,,,,,,,,,,,,,,,,,,,,,,,,,,100
86,Larinia borealis,Arthropods,Land,,,,,,,,,,,,,,,,,,,,,,,,,,,,,,,,,,,,,12.9944287,,,,,,,,,,,,,,,,,,,,,,,,,,,,,,,,,,,,,,,,,,,,,,,,,,,,,,,,,,,,,,,,,,,,,,,,,,,,,,,,,,,,,,,,,,,,,,,,,,,,,,,,,,,,,,,,,,,,,,,,,,,,,,,,,,,,,,,,,,,,,,,,,,,,,,,,,,,,,,,,,,,,,,,,,,,,,,87.0055713,,,,,,,,,,,,,,,,,,,,,,,,,,,,,,,,,,,,,,,,,,100
87,Larinia chloris,Arthropods,Land_Coast,,,,,,,,,,,,,,,,,,,,,,,,,,,,,,,,,,,,,,,,,,,,,,,,,,,,,,,,,,,,,,,,,,,,,,,,,,,,,,,,,,,,,,,,,,,,,,,,,,,,,,,,,,,,,,,,,,,,,,,,,,,,,,,,,,,,,,,,,,,,,,,,,,,,,,,,,,,,,,,,,,,,,,,,,,,,,,,,,,,,,,,,100,,,,,,,,,,,,,,,,,,,,,,,,,,,,,,,,,,,,,,,,,,,,,,,,,,,,,,,,,,,,,,,,,,,,,100
88,Larinia directa,Arthropods,Land_Coast,,,,,,,,,,,,,,,0.152238333,,,,,0.43972825,,,,,,,,,,,,,,,,,0.307085152,,,,,,,,,,,0.974413152,,0.612140248,,,,,,,,,,0.238733763,,,,,,,,,,,,,,,,,,,,,,1.781338125,,,,,,1.985901921,,,,,,,,,,,,,,,,,,,,,,,,,,,,,,,,,,,,,,,31.05055247,,,,,,,,,,,,,,,1.854830934,,,,,,,,,,,0.020894637,,,,,,,,,,,,,,,,,,,,,,,,,,,,,,,,,,,,,,,,,,,,,,,,,,,,,,,,,,60.58214302,,,,,,,,,,,,,,,,,,,,,,,,,,,,,,,,,,,,,,,,,,100
89,Larinia elegans,Arthropods,Land,,,,,,,,,,,,,41.3245093,,,,,,,,,,,,,,,,,,,,,,,,,,,,,,,,,,,,,,,,26.05304751,,,,,,,,,,,,,,,,,,,,,,,,,,,,,,,,,,,,,7.598528506,,,,,,,,,,,,,,,,,,,,,,,,,,,,,,,,,,,,,,,,,,,,,,,,,,,,,,,,,,,,,,,,,,,,,,,,,,,,,,,,,,,,,,,,,,,25.02391467,,,,,,,,,,,,,,,,,,,,,,,,,,,,,,,,,,,,,,,,,,,,,,,,,,,,,,,,,,,,,,,,,,,,,,,,100
90,Larinia famulatoria,Arthropods,Land,,,,,,,,,,,,,,,,,,,,,,,,,,,,,,,,,,,,,,,,,,,,,,,,,,,,,,,,,,,,,,,,,,,,,,,,,,,,,,,,,,,,,,,,,,,,,,,,,,,,,,,,,,,,,,,,,,,,,,,,,,,,,,,,,,,,,,,,,,,,,,,,,,,,,,,,,,,,,,,,,,,,,,,,,,,,,,,,,,,,,,,,,,,,,,,,,,,,,,,,,,,,,,,,,,,100,,,,,,,,,,,,,,,,,,,,,,,,,,,,,,,,,,,,,,,,,,100
91,Larinia lineata,Arthropods,Land_Coast,,,21.74418672,,0.038397981,,,,,,,,,,,,,,,,,,,,,,,,,,,,,,,,,,,,,,,,,,,,,,,,,,,,,,,,,,,,,,,8.281330081,,,,,,,,0.000313967,,,,,,,,,,,,,,,,,,,,,,,1.711740251,,,,,,,,,,,,,,,,,,,,,,,,,,,,,,,,,,,23.74698385,,,,,,,,,,,,,,,,,,,,,,,,,,6.036992629,,,,,,,,,,,,,,,,,,,,,,,,,,35.38540316,,,,,,,,,,,,,,,3.054651357,,,,,,,,,,,,,,,,,,,,,,,,,,,,,,,,,,,,,,,,,,,,,,,,,,,,100
92,Larinia minor,Arthropods,Land_Coast,,,,,,,,,,,,,,,,,,,,,,,,,,,,,,,,,,,,,,,,,,,,,,,,,,,,,,,,,100,,,,,,,,,,,,,,,,,,,,,,,,,,,,,,,,,,,,,,,,,,,,,,,,,,,,,,,,,,,,,,,,,,,,,,,,,,,,,,,,,,,,,,,,,,,,,,,,,,,,,,,,,,,,,,,,,,,,,,,,,,,,,,,,,,,,,,,,,,,,,,,,,,,,,,,,,,,,,,,,,,,,,,,,,,,,,,,,,,,,,,,,,,,,,,,,,,,,100
93,Larinia montagui,Arthropods,Land_Coast,,,,,,,,,,,,100,,,,,,,,,,,,,,,,,,,,,,,,,,,,,,,,,,,,,,,,,,,,,,,,,,,,,,,,,,,,,,,,,,,,,,,,,,,,,,,,,,,,,,,,,,,,,,,,,,,,,,,,,,,,,,,,,,,,,,,,,,,,,,,,,,,,,,,,,,,,,,,,,,,,,,,,,,,,,,,,,,,,,,,,,,,,,,,,,,,,,,,,,,,,,,,,,,,,,,,,,,,,,,,,,,,,,,,,,,,,,,,,,,,,,,,,,,,,,,,,,100
94,Larinia phthisica,Arthropods,Land_Coast,,,,,,,,,,,,91.03119877,,,,,,,,,,,,,,,,,,,,,,,,,,,,,,,,,,,,,,,,,,,,,,,,,,,,,,,,,,,,,,,,,,,,,,,,,,,,,,,,4.912025117,,,,,,,,,,,,,,,,,,,,,,,,,,,,,,,,,,,,,,,,,,,,,,,,,,,,,,,,,,,4.056776117,,,,,,,,,,,,,,,,,,,,,,,,,,,,,,,,,,,,,,,,,,,,,,,,,,,,,,,,,,,,,,,,,,,,,,,,,,,,,,,,,,,,,,,,,,,,,,,,,,,,,,100
95,Larinia sexta,Arthropods,Coast,,,,,,,,,,,,100,,,,,,,,,,,,,,,,,,,,,,,,,,,,,,,,,,,,,,,,,,,,,,,,,,,,,,,,,,,,,,,,,,,,,,,,,,,,,,,,,,,,,,,,,,,,,,,,,,,,,,,,,,,,,,,,,,,,,,,,,,,,,,,,,,,,,,,,,,,,,,,,,,,,,,,,,,,,,,,,,,,,,,,,,,,,,,,,,,,,,,,,,,,,,,,,,,,,,,,,,,,,,,,,,,,,,,,,,,,,,,,,,,,,,,,,,,,,,,,,,100
96,Larinia t-notata,Arthropods,Land_Coast,,,,,,,,,51.05428872,,,,,,,,,,,,,,,,,,,45.04455262,,,,,,,,,,,,,,,,,,,,,,,,,,,,,,,,,,,,,,,,,,,,,,,,,,,,,,,,,,,,,,,,,,,,,,,,,,,,,,,,,,,,,,,,,,,,,,,,,,,,,,,,,,,,,,,,,,,,,,,,,,,,,,,,,,,,,,,,,,,,,,,,,,,,,,,,,,,,,,,,,,,,,,,,,,,,,,,,,,,,,,,,3.901158659,,,,,,,,,,,,,,,,,,,,,,,,,,,,,,,,,,,,,,,,,100
97,Larinia tumulus,Arthropods,Coast,,,,,,,,,,,,100,,,,,,,,,,,,,,,,,,,,,,,,,,,,,,,,,,,,,,,,,,,,,,,,,,,,,,,,,,,,,,,,,,,,,,,,,,,,,,,,,,,,,,,,,,,,,,,,,,,,,,,,,,,,,,,,,,,,,,,,,,,,,,,,,,,,,,,,,,,,,,,,,,,,,,,,,,,,,,,,,,,,,,,,,,,,,,,,,,,,,,,,,,,,,,,,,,,,,,,,,,,,,,,,,,,,,,,,,,,,,,,,,,,,,,,,,,,,,,,,,100
98,Lariniaria argiopiformis,Arthropods,Land_Coast,,,,,,,,,,,,,,,,,,,,,,,,,,,,,,,,,,,,,,,,,,63.31476091,,,,,,,,,,,,,,,,,,,,,,,,,,,,,,,,,,,,,,,,,,,,,,,,,,,,,,,,,,,14.87930085,,,,,,,,,,21.80593824,,,,,,,,,,,,,,,,,,,,,,,,,,,,,,,,,,,,,,,,,,,,,,,,,,,,,,,,,,,,,,,,,,,,,,,,,,,,,,,,,,,,,,,,,,,,,,,,,,,,,,,,,,,,,,,,,,,,,,,,,,,,,,,,,,,,,,,,,,,,,,100
99,Larinioides cornutus,Arthropods,Land_Coast,,0.156645569,0.224574227,,0.002499245,,,,,6.02E-05,,,0.463630396,,,,,1.14381098,0.169171913,,,,,,,0.286304235,,,,,0.623121117,,,,,,21.81253733,,,,,,,,,,,,0.304202145,,,,0.434520798,0.235229151,,,,,,,,,0.252286536,,0.007310024,,1.837081457,3.024790455,,,,,0.205840535,1.972732694,,,0.687371752,,,,,,0.00040821,,,,,,,0.514505499,0.177957479,,,,,0.382835811,0.003168056,,1.664312141,,,,0.000656887,,,,,,,,,0.060309348,,,,0.355705913,,,0.000757682,0.357821761,0.014391087,,,,0.001802583,,0.083051072,,0.183312136,0.000104086,,0.075858809,,,,,,,0.204576672,,,,,,,,0.140319206,,1.736817022,,,,,,,,,,1.728280346,0.23532178,,,1.305299958,9.668067808,,,,,,,,0.001340132,,0.000333227,,,0.428533713,,,,0.267410763,0.112241981,,,,2.413045436,,,,2.454973754,0.228760326,,,,,,,,,,0.140839357,3.601721802,,,,,,3.305867079,,1.343668824,32.96190145,,,,6.75E-08,,,,,,,,,,,,,,,,,,,,,,,,,,,,,,,,,,,,,,100
100,Larinioides ixobolus,Arthropods,Land_Coast,,,,,,,,,,,,,1.286627707,0.031333168,,,,3.174207109,0.143257834,,,,,,,0.422207807,,,,,1.598165828,,,,,,,,,,,0.239921212,,,,,,,0.585739103,,,,1.205845224,0.007312703,,,,,,,,,,,,,,0.240053023,,,,,0.070097234,5.171936049,,,0.042069749,,,,,,,,,,,,,1.427811973,,,,,,,,,1.292966517,,,,,,,16.79288115,,,,,,0.012471274,,,,0.512477935,,,0.002102656,0.992996569,0.039936922,,,,,,,,0.508712273,,,0.002623765,,,,,,,0.389231668,,,,,,,,,,,,,,,,,,,,4.796176865,,,,3.622357609,43.65221841,,,,,,,,,,,,,1.131756635,,,,0.742095642,0.311484414,,,,,,,,,0.376762359,,,,,,,,,,,,,,,,,9.174161612,,,,,,,,,,,,,,,,,,,,,,,,,,,,,,,,,,,,,,,,,,,,,100
101,Larinioides patagiatus,Arthropods,Land_Coast,,,,,0.001920585,,,,,0.076851777,,,0.356284153,0.044218275,,,,0.878979743,0.130002848,,,,,,,0.18937543,,,,,0.022780135,,,,,,24.80140746,,,,,0.305381489,,,,,,,0.22121493,,,,0.33391442,0.180765583,,,,,,,,,0.193873602,,,,1.390719137,2.324448342,,,,,0.295481034,1.515977819,,1.57E-05,,,,,,,0.000313695,,,,,,,0.395379935,,,,,,0.073236011,0.002434543,,0.793214601,,,,0.000504795,,,3.822862006,,,,,,0.00774473,,0.253001243,,0.273347867,,,0.000582253,0.274973825,0.01105906,,,,,,,,0.127835296,8.00E-05,,0.003811542,,0.114070444,,,,,0.157210198,,,,,,,,,,1.265954697,,,,,,,,,,1.328124524,0.373849142,,,0.709283802,19.16310045,,,,,,,,0.001029845,,0.000256073,,,0.303335544,,,,0.205496054,0.086254136,,,,2.122160141,,,,1.886563633,0.175794512,,,,,,,,,,,0.12592499,,,,,,2.418257051,,1.020313572,29.23902728,,,,5.18E-08,,,,,,,,,,,,,,,,,,,,,,,,,,,,,,,,,,,,,,100
102,Larinioides sclopetarius,Arthropods,Land_Coast,,0.109035673,,,0.002792291,,,,,,,,0.51799278,,0.037883589,,,0.315824958,0.189007948,0.13835638,,,,,,0.319874469,,,,,0.285574929,,,,,,18.54593768,,,,,,,,,,,,0.339870976,0.238997945,,,0.485469974,0.262810642,,,,,,0.002924118,,,0.223606613,,,,0.43766229,3.379458361,,,,,,2.204042923,,,,,,,,0.43337637,0.000456074,,,,,0.077538441,,0.574833178,,,,,,0.274360871,0.003539522,,1.586579759,,,,0.000733909,,,,,,,,,0.067380843,,,,0.322105155,,,0.000846523,0.39942236,0.016078495,,,,,,6.868419328,,,0.00011629,,0.084753536,,,,,,,0.228564046,,,,,,,,0.138560208,,0.753201866,,,,,,,,,,1.93092763,0.491491495,,,0.82417703,0.082816016,,,,,,,,0.001497267,,0.000372299,,,0.478780882,,,,0.298765667,0.125402769,,,,3.071951476,,,,1.762892384,0.255583324,,,,,,,,,,,,,,,,,0.542733239,,1.294756553,48.96986058,,,,7.54E-08,,,,,,,,,,,,,,,,,,,,,,,,,,,,,,,,,,,,,,100
103,Larinioides suspicax,Arthropods,Land_Coast,,0.550901274,,,0.008789508,,,,,0.552884996,,,1.630525382,1.632233427,,,,,,,,,,,,1.006893262,,,,,2.191432673,,,,,,,,,,,,,,,,,,1.069837792,,,0.174061184,1.528150865,,,,,,,,,,,,,,,7.519047061,,,,,1.352261451,2.310976543,,,2.341881445,,,,,,,,,,,,,1.808207128,,,,0.227832415,,,,0.101422185,4.193598618,,,,,,0.06172353,3.926880817,,,,,,0.212099818,,0.17818192,,,0.194735851,,0.002664667,,,,,,,,,,0.644683982,0.000366055,,0.266785169,,,,,,,,,,,,,,,0.493483663,,,,,,,,,,,,1.136110426,1.075482032,,,4.59056337,24.30114969,,,,,,,,,,0.001171913,,,1.507095098,,,,0.714043018,0.394739862,,,,6.753456486,,,,,0.804519121,0.918733404,,,,,,,,,,13.67080104,,,,,,7.886663177,,,,,,,2.37E-07,,,0.062928451,,,,,,,,,,,,,,,,,,,,,,,,,,,,,,,,,,,100
104,Lariniophora ragnhildae,Arthropods,Land,,,,,,,,,,,,100,,,,,,,,,,,,,,,,,,,,,,,,,,,,,,,,,,,,,,,,,,,,,,,,,,,,,,,,,,,,,,,,,,,,,,,,,,,,,,,,,,,,,,,,,,,,,,,,,,,,,,,,,,,,,,,,,,,,,,,,,,,,,,,,,,,,,,,,,,,,,,,,,,,,,,,,,,,,,,,,,,,,,,,,,,,,,,,,,,,,,,,,,,,,,,,,,,,,,,,,,,,,,,,,,,,,,,,,,,,,,,,,,,,,,,,,,,,,,,,,,100
105,Larinopoda aspidos,Arthropods,Land,,,,,,,,,,,,,,,,,,,,,,,,,,,,,,,,,,,,,,,,,,,,,,,,,,,,,,,,,,,,,,,,,,,,,,,,,,,17.80351699,,,,,,,,,,,,,,,,,,,,,,,,,,,,,,,,,,,,,,,,,,,,,,,,,,,,,,,,,,,,,,,,,,,,,,,,,,,,,,,,,,,,,,,,,,,,,,,,,,,,,,,,,,,,,,,,,,,,,,,,,,82.19648301,,,,,,,,,,,,,,,,,,,,,,,,,,,,,,,,,,,,,,,,,,,,,,,,,,,,,,,,100
106,Larinopoda tera,Arthropods,Land,,,,,,,,,,,,,,,,,,,,,,,,,,,,,,,,,,,,,,,,,,,,,,,,,,,,,,,,,,,,,,,,,,,,,,,,,,,,,,,,,,,,,,,,,,,,,,,,,,,,,,,,,,,28.80902286,,,,,,,,,,,,,,,,,,,,,,,,,,,,,,,,,,,,,,,,,,,,,,,,,,,,,,,,,,,,,,,,,,,,,,,,,,,,,,,,,,,,,,,,,,,,,,,,,,,,71.19097714,,,,,,,,,,,,,,,,,,,,,,,,,,,,,,,,,,,,,,,,,,,,,,100
107,Larinotus umbilicatus,Arthropods,Coast,,,,,,,,,,,,100,,,,,,,,,,,,,,,,,,,,,,,,,,,,,,,,,,,,,,,,,,,,,,,,,,,,,,,,,,,,,,,,,,,,,,,,,,,,,,,,,,,,,,,,,,,,,,,,,,,,,,,,,,,,,,,,,,,,,,,,,,,,,,,,,,,,,,,,,,,,,,,,,,,,,,,,,,,,,,,,,,,,,,,,,,,,,,,,,,,,,,,,,,,,,,,,,,,,,,,,,,,,,,,,,,,,,,,,,,,,,,,,,,,,,,,,,,,,,,,,,100
108,Larinus australis,Arthropods,Land_Coast,,,,,,,,,,,,,,,,,,,,,,,,,,,,,,,,,,,,,,,,,,,,,,,,,,,,,,,,,,,,,,,,,,,,95.10335322,,,,,,,,,,,,,,,,,,,,,,,,,,,,,,,4.896646783,,,,,,,,,,,,,,,,,,,,,,,,,,,,,,,,,,,,,,,,,,,,,,,,,,,,,,,,,,,,,,,,,,,,,,,,,,,,,,,,,,,,,,,,,,,,,,,,,,,,,,,,,,,,,,,,,,,,,,,,,,,,,,,,,,,,,,,,,,,,,,,,,,,,,,,,,,100
109,Larinus beckeri,Arthropods,Land,,,,,,,,,,,,,6.618743578,,,,,,0.187954206,,,,,,,,,,,,,,,,,,,,,,,,,,,,,,,,,,,,,,,,,,,,,,,,,9.305269087,,,,,,78.96488687,,,,,,,,,,,,,,,,,,,,,,,,,0.663760195,,,,,,,,,,,,,,,,,,,,0.064523005,,1.369842169,,,,,,,,,,,,,,,,,,,,,,,,,,,,,,,,,,,,,,,,,,,,,,,,,,,,,,,,,,,,,,,,,,,,,,2.825020892,,,,,,,,,,,,,,,,,,,,,,,,,,,,,,,,,,,,,,,,,,,,,,,,,,,,,,,,,,,,,,100
110,Larinus brevis,Arthropods,Land,,,,,,,,,,,,,0.136575913,,,,,,,,,,,,,,,,,,,,,,,,,,,,,,,,,,,,,,,,,,,,,,,,,,,,,,,,,,,,,99.86342409,,,,,,,,,,,,,,,,,,,,,,,,,,,,,,,,,,,,,,,,,,,,,,,,,,,,,,,,,,,,,,,,,,,,,,,,,,,,,,,,,,,,,,,,,,,,,,,,,,,,,,,,,,,,,,,,,,,,,,,,,,,,,,,,,,,,,,,,,,,,,,,,,,,,,,,,,,,,,,,,,,,,,,,,,,,,,,,,,,,100
111,Larinus canescens,Arthropods,Land_Coast,,,,,,,,,,,,,,,,,,,,,,,,,,,,,,,,,,,,,,,,,,,,,,,,,,,,,,,,,,,,,,,,,,,,,,,,,,,,,,,,,,,,,,,,,,,,,,,,,,,,,,,,,,,,,,,,,,,,,,,,,,,,,,,,,,,,,,,,,,,,,,,,,,,,,,,,,,,,,,,,,,,,34.50530547,,,,,,,,,,,,,,,,,,,,,,,,,,,,,,,,,,,,,,,,,,,,65.49469453,,,,,,,,,,,,,,,,,,,,,,,,,,,,,,,,,,,,,,,,,,,,,100
112,Larinus carlinae,Arthropods,Land_Coast,,,0.661127756,,0.003954067,,,,,,,,0.733511714,,,,,1.335106517,0.267647638,,,,,,,0.402162276,,,,,0.520874344,,,,,,12.34775258,,,,,,,,,,,,0.471961439,,,,0.68745729,0.372157087,,,,,,,,,,,,,,4.785534452,,,,,0.07975301,3.121069181,,,,,,,,,0.000645831,,,,,,,0.814001441,,,,,,0.068551259,0.005012195,,1.909840953,,,,0.001039263,,,0.037095698,,,,,,,,,,0.003207974,,,0.001198733,0.411634875,0.022768202,,,,,,,,0.290018946,0.000164675,,3.36E-05,,,,,,,0.323661664,,,,,,,,,,0.461817634,,,,,,,,,,2.734320033,0.632132346,,,2.065120878,12.77192565,,,,,,,,,,0.000527199,,,0.485441939,,,,0.423071759,0.177578538,,,,3.937062875,,,,1.039430086,0.361922731,,,,,,,,,,,,,,,,,5.23022703,,1.244809796,38.75566672,,,,1.07E-07,,,,,,,,,,,,,,,,,,,,,,,,,,,,,,,,,,,,,,100
113,Larinus centaurii,Arthropods,Land_Coast,,,,,,,,,,,,,,,,,,,,,,,,,,,,,,,,,,,,,,,,,,,,,,,,,,,,,,,,,,,,,,,,,,,,,,,,,,,,,,,,,,,,,,,,,,,,,,,,,,,,,,,,,,,,,,,,,,,,,,,,,,,,,,,,,,,,,,,,,,,,,,,,,,,,,,,,,,,,,,,,,,,,34.82785155,,,,,,,,,,,,,,,,,,,,,,,,,,,,,,,,,,,,,,,,,,,,65.17214845,,,,,,,,,,,,,,,,,,,,,,,,,,,,,,,,,,,,,,,,,,,,,100
114,Larinus curtus,Arthropods,Land_Coast,,,,,,,,,,,,,,,,,,,,,,,,,,,,,,,,,,,,,,,,,,,,,,,,,,,,,,,,,,,,,,,,,,,,,,,,,,,,,,,,,,,,,,,,,,,,,,,,,,,,,,,,,,,,,,,,,,,,,,,,,,,,,,,,,,,,,,,,,,,,,,,,,,,,,,,,,,,,,,,,,,,,,,,,,,,,,,,,,,,,,,,,,,,,,,,,,,,,,,,,,,,,,,,,,,,100,,,,,,,,,,,,,,,,,,,,,,,,,,,,,,,,,,,,,,,,,,100
115,Larinus cynarae,Arthropods,Land_Coast,,,12.05040154,,0.116533995,,,,,,,,,,,,,,,,,,,,,,,,,,,,,,,,,,,,,,,,,,,,,,,,,,,,,,,,,,,,,,,18.26024541,,,,,,,,0.000952859,,,,,,,,,,,,,,,,,,,,,,,9.013464286,,,,,,,,,,,,,,,,,,,,,,,,,,,,,,,,,,,4.893382831,,,,,,,,,,,,,,,,,,,,,,,,,,,,,,,,,,,,,,,,,,,,,,,,,,,,55.66501593,,,,,,,,,,,,,,,,,,,,,,,,,,,,,3.15E-06,,,,,,,,,,,,,,,,,,,,,,,,,,,,,,,,,,,,,,100
116,Larinus ferrugatus,Arthropods,Land,,,,,,,,,,,,,,,,,,,,,,,,,,,,,,,,,,,,,,,,,,,,,,,,,,,,,,,,,,,,,,,,,,,,99.27701897,,,,,,,,,,,,,,,,,,,,,,,,,,,,,,,0.722981033,,,,,,,,,,,,,,,,,,,,,,,,,,,,,,,,,,,,,,,,,,,,,,,,,,,,,,,,,,,,,,,,,,,,,,,,,,,,,,,,,,,,,,,,,,,,,,,,,,,,,,,,,,,,,,,,,,,,,,,,,,,,,,,,,,,,,,,,,,,,,,,,,,,,,,,,,,100
117,Larinus griseopilosus,Arthropods,Coast,,,,,,,,,,,,,,,,,,,,,,,,,,,,,,,,,,,,,,,,,,,,,,,,,,,,,,,,,,,,,,,,,,,,,,,,,,,,,,,,,,,,,,,,,,,,,,,,,,,,,100,,,,,,,,,,,,,,,,,,,,,,,,,,,,,,,,,,,,,,,,,,,,,,,,,,,,,,,,,,,,,,,,,,,,,,,,,,,,,,,,,,,,,,,,,,,,,,,,,,,,,,,,,,,,,,,,,,,,,,,,,,,,,,,,,,,,,,,,,,,,,,,,,,,,,,,,100
118,Larinus iaceae,Arthropods,Land_Coast,,0.47277065,,,0.011383405,,,,,,,,2.111714467,,,,,5.209530468,0.157142942,,,,,,,1.269282505,,,,,2.838152738,,,,,,,,,,,,,,,,,,1.164543078,,,,1.979127909,,,,,,,,,,1.119791397,,,,0.037170892,12.56001,,,,,,6.052295814,,,1.020848494,,,,,,,,,,,,,2.343437175,,,,,,,,,2.796106162,,,,,,,0.572881346,,,,,,0.274693211,,,,1.603444877,,,0.003451044,1.629783976,0.065547614,,,,,,,,0.834938546,0.000474083,,0.34303719,,,,,,,,,,,,,,,0.639117062,,,,,,,,,,,,6.553860723,,,,5.94529787,19.47984488,,,,,,,,,,,,,1.951858313,,,,1.217985665,0.51123269,,,,0.944426121,,,,,1.041943097,,,,,,,,,,,0.570157895,,,,,,14.6727157,,,,,,,,,,,,,,,,,,,,,,,,,,,,,,,,,,,,,,,,,,,,,100
119,Larinus impressus,Arthropods,Land,,,,,,,,,,,,,,,,,,,,,,,,,,,,,,,,,,,,,,,,,,,,,,,,,,,,,,,,,,,,,,,,,,,,,,,,,,,,,,,,,,,,,,,,,,,,,,,,,,,,,,,,,,,,,,,,,,,,,,,,,,,,,,,,,,,,,,,,,,,,,,,,,,,,,,,,,,,,,,,,,,,,100,,,,,,,,,,,,,,,,,,,,,,,,,,,,,,,,,,,,,,,,,,,,,,,,,,,,,,,,,,,,,,,,,,,,,,,,,,,,,,,,,,,,,,,,,100
120,Larinus latissimus,Arthropods,Land_Coast,,,,,,,,,,,,,,,,,,,,,,,,,,,,,,,,,,,,,,,,,,,,,,,,,,,,,,,,,,,,,,,,,,,,,,,,,,,,,,,,,,,,,,,,,,,,,,,,,,,,,41.5366394,,,,,,,,,0.733995034,57.72936556,,,,,,,,,,,,,,,,,,,,,,,,,,,,,,,,,,,,,,,,,,,,,,,,,,,,,,,,,,,,,,,,,,,,,,,,,,,,,,,,,,,,,,,,,,,,,,,,,,,,,,,,,,,,,,,,,,,,,,,,,,,,,,,,,,,,,,,,,,,,,,100
121,Larinus latus,Arthropods,Land_Coast,,1.357473264,,,0.006207313,,,,,,,8.648877329,3.294505663,,,,,,,,,,,,,2.481080996,,,,,5.399899039,,,,,,,,,,,,,,,,,,2.63618232,,,0.428903352,0.160455262,,,,,,,,,,,,,,,4.092889792,,,,,,0.07330869,,,6.284092498,,,,,,,,,,,,,3.310779445,,,,,,,,0.423293582,7.291273206,,,,,,0.244937354,,,,,,,0.522634172,,,,,0.282667078,,,,,,,,,,,,0.433265751,0.000901996,,0.657384092,,,,,,,,,,,,,,,1.215990796,,,,,,,,,,,,,,,,6.877781081,6.407325996,,,,,,,,,,0.002887705,,,3.713626009,,,,0.581163508,0.972676654,,,,0.287363132,,,,,,0.418249978,,,,,,,,,,18.8763204,,,,,,12.32245086,,,,,,,,,,0.293151689,,,,,,,,,,,,,,,,,,,,,,,,,,,,,,,,,,,100
122,Larinus lethierryi,Arthropods,Land_Coast,,,,,,,,,,,,,,,,,,,,,,,,,,,,,,,,,,,,,,,,,,,,,,,,,,,,,,,,,,,,,,,,,,,,,,,,,,,,,,,,,,,,,,,,,,,,,,,,,,,,,,,,,,,,,,,,,,,,,,,,,,,,,,,,,,,,,,,,,,,,,,,,,,,,,,,,,,,,,,,,34.03772931,,,,,,,,,,,,,,,,,,,,,,,,,,65.96227069,,,,,,,,,,,,,,,,,,,,,,,,,,,,,,,,,,,,,,,,,,,,,,,,,,,,,,,,,,,,,,,,,,,100
123,Larinus leuzeae,Arthropods,Land_Coast,,,,,,,,,,,,,,,,,,,,,,,,,,,,,,,,,,,,,,,,,,,,,,,,,,,,,,,,,,,,,,,,,,,,100,,,,,,,,,,,,,,,,,,,,,,,,,,,,,,,,,,,,,,,,,,,,,,,,,,,,,,,,,,,,,,,,,,,,,,,,,,,,,,,,,,,,,,,,,,,,,,,,,,,,,,,,,,,,,,,,,,,,,,,,,,,,,,,,,,,,,,,,,,,,,,,,,,,,,,,,,,,,,,,,,,,,,,,,,,,,,,,,,,,,,,,,,100
124,Larinus longirostris,Arthropods,Land_Coast,,,,,,,,,,,,,,,,,,,,,,,,,,,,,,,,,,,,,,,,,,,,,,,,,,,,,,,,,,,,,,,,,,,,72.00434794,,,,,,,,,,,,,,,,,,,,,,,,,,,,,,,,,,,,,,,,,,,,,,,,,,,,,,,,,,,,,,,,,,,,,,,,,,,,,,,,,,,,,,,,,,,,,,,,,,,,,,,,,,,,,,,,,,,,,,27.99565206,,,,,,,,,,,,,,,,,,,,,,,,,,,,,,,,,,,,,,,,,,,,,,,,,,,,,,,,,,,,,,,,,,,100
125,Larinus maurus,Arthropods,Land_Coast,,,,,,,,,,,,,,,,,,,,,,,,,,,,,,,,,,,,,,,,,,,,,,,,,,,,,,,,,,,,,,,,,,,,100,,,,,,,,,,,,,,,,,,,,,,,,,,,,,,,,,,,,,,,,,,,,,,,,,,,,,,,,,,,,,,,,,,,,,,,,,,,,,,,,,,,,,,,,,,,,,,,,,,,,,,,,,,,,,,,,,,,,,,,,,,,,,,,,,,,,,,,,,,,,,,,,,,,,,,,,,,,,,,,,,,,,,,,,,,,,,,,,,,,,,,,,,100
126,Larinus meleagris,Arthropods,Land_Coast,,,,,,,,,,,,,,,,,,,,,,,,,,,,,,,,,,,,,,,,,,,,,,,,,,,,,,,,,,,,,,,,,,,,,,,,,,,,,,,,,,,,,,,,,,,,,,,,,,,,,100,,,,,,,,,,,,,,,,,,,,,,,,,,,,,,,,,,,,,,,,,,,,,,,,,,,,,,,,,,,,,,,,,,,,,,,,,,,,,,,,,,,,,,,,,,,,,,,,,,,,,,,,,,,,,,,,,,,,,,,,,,,,,,,,,,,,,,,,,,,,,,,,,,,,,,,,100
127,Larinus minutus,Arthropods,Land,,0.159149829,,,,,,,,,,,,,,,,,,,,,,,,,,,,,4.311010569,,,,,,11.8954473,,,,,,,,,,,,,,,,,,,,,,,,,,,,,,,,,,,,,,,,1.172660047,,,,,,,,,,,,,,,,,,,,,,,,,,,,,,,,,,,0.019047703,,,,,,,,,,,,,,,,,,,,,,,,,,,,,,,,,,,1.109192584,,,,,,,,,,,,,,,,0.035616777,,,,,,,,,,,,,,0.665730324,,,,,,,,,,,,,,,,,,,,,,,,,0.154189009,,,,,,,,,80.47795585,,,,,,,,,,,,,,,,,,,,,,,,,,,,,,,,,,,,,,,,,,100
128,Larinus obtusus,Arthropods,Land_Coast,,0.077256485,,,0.00557965,,,,,,,,1.035070546,,,,,2.252741475,,,,,,,,0.639183891,,,,,1.391138978,,,,,,7.230700192,,,,,,,,,,,,0.679141582,,,,0.629306529,,,,,,,,,,,,,,,4.455617241,,,,,,1.015947015,,,0.291643959,,,,,,,,,,,,,1.148650935,,,,,,,,,1.614020245,,,,,,,1.140902906,,,,,,0.13464266,,,,,,,0.001691552,0.012503571,,,,,,,,,0.409250545,0.000232375,,0.165799548,,,,,,,,,,,,,,,0.239568509,,,,,,,,,,,,1.4969128,,,,2.914126322,18.82323504,,,,,,,,,,0.00074394,,,0.956716015,,,,0.597003575,0.25058402,,,,0.200841808,,,,,0.510715169,,,,,,,,,,,0.128468764,,,,,,6.968752052,,,42.58131011,,,,,,,,,,,,,,,,,,,,,,,,,,,,,,,,,,,,,,,,,,100
129,Larinus ochreatus,Arthropods,Land_Coast,,,4.788697194,,,,,,,,,,,,,,,,,,,,,,,,,,,,,,,,,,,,,,,,,,,,,,,,,,,,,,,,,,,,,,,,,33.412796,,,,,,,,,,,,,,,,,,,,,,,,,,,,,,,48.57058413,,,,,,,,,,,,,,,,,,,,,,,,,,,,,,,0.012897316,,,,,,,,,,,,,,,,,,,,,,,,,,,,,,,,,,,,,,,,,,,,0.041290274,,,,,,,,,,,,13.17373509,,,,,,,,,,,,,,,,,,,,,,,,,,,,,,,,,,,,,,,,,,,,,,,,,,,,,,,,,,,,,,,,,,,100
130,Larinus onopordi,Arthropods,Land_Coast,,,,,,,,,,2.527472325,,,,0.372847281,,,,,,,,,,,,,,,,,,,,,,,,,,,,,,,,,,,,,,1.360803011,,,,,,,0.253946976,,,,,,,,,,,,,,2.159821459,,,,1.147031426,,,,,,,,,,,,,,,,,0.053904661,,,,2.855604633,,,,,,,2.615530959,,,,,,,,,,,,1.522436687,,,,,,,,,,,,,,,,,13.82279326,,,,,,,,,,,,,,,,,,,,,,,,,,,,,,,,,,,,,,,,,,,,,,,,,,,,0.002827007,,,,,,17.24877531,,,,,,,,,,53.09986768,,,,,,,,,,,,,,,,0.956337321,,,,,,,,,,,,,,,,,,,,,,,,,,,,,,,,,,,100
131,Larinus planus,Arthropods,Land_Coast,,,0.865350894,,0.013471098,,,,,,,,2.498998587,,,,,0.720287112,0.911847834,,,,,,,0.448276183,,,,,3.228064064,,,,,,2.663039718,,,,,,,,,,,,1.096445053,,,,2.342095925,1.267900725,,,,,,,,,0.443132305,,,,,15.20646449,,,,,,10.63316007,,0.000110149,0.411939949,,,,,,,,,,,,,2.773218767,,,,,,,,,3.406963308,,,,,,,,,,,,,0.103062474,,,,0.935032786,,,0.004083959,1.670447957,0.077568912,,,,,,,,,0.000561029,,,,0.067755022,,,,,1.102681833,,,,,,,,0.262220801,,0.718554095,,,,,,,,,,9.315545702,0.401582581,,,4.538887133,2.142073801,,,,,,,,,,,,,2.156119636,,,,1.441361748,0.604991721,,,,10.19280017,,,,0.279631767,1.233033333,,,,,,,,,,,0.614637893,,,,,,1.564806439,,,11.64179297,,,,,,,,,,,,,,,,,,,,,,,,,,,,,,,,,,,,,,,,,,100
132,Larinus pollinis,Arthropods,Land_Coast,,,,,0.018267071,,,,,,,,3.388690713,,,,,0.789093824,,,,,,,,1.868759416,,,,,2.286518089,,,,,,,,,,,,,,,,,,2.072432808,,,,3.17592765,,,,,,,,,,,,,,,5.220401595,,,,,,7.413483249,,,0.57295008,,,,,,,,,,,,,3.760538613,,,,,,,,,6.333210146,,,,,,,,,,,,,0.344330115,,,,,,,0.005537927,,,,,,,,,,0.443807305,0.000760766,,0.215945419,,,,,,,,,,,,,,,0.369964548,,,,,,,,,,,,6.067567945,,,,7.33558516,28.73742117,,,,,,,,,,0.002435565,,,3.132167839,,,,1.954514579,0.820380546,,,,0.887333235,,,,,1.586711466,,,,,,,,,,,,,,,,,11.19526316,,,,,,,,,,,,,,,,,,,,,,,,,,,,,,,,,,,,,,,,,,,,,100
133,Larinus reichei,Arthropods,Land,,,,,,,,,,,,,,,,,,,,,,,,,,,,,,,,,,,,,,,,,,,,,,,,,,,,,,,,,,,,,,,,,,,,100,,,,,,,,,,,,,,,,,,,,,,,,,,,,,,,,,,,,,,,,,,,,,,,,,,,,,,,,,,,,,,,,,,,,,,,,,,,,,,,,,,,,,,,,,,,,,,,,,,,,,,,,,,,,,,,,,,,,,,,,,,,,,,,,,,,,,,,,,,,,,,,,,,,,,,,,,,,,,,,,,,,,,,,,,,,,,,,,,,,,,,,,,100
134,Larinus rusticanus,Arthropods,Land_Coast,,,,,,,,,,,,,,,,,,,,,,,,,,,,,,,11.07191566,,,,,,,,,,,,,,,,,,,,,,,,,,,,,,,,,,,,,78.76973418,,,,,,,,,4.606120749,,,,,,,,,,,,,,,,,,,,,,1.560761888,,,,,,,,,,,,,0.012116915,,,,,,,,,,,,,,,,,,0.006263405,,,,,,,,,,,,,,,,,0.646701436,,,,,,,,,,,,,,,,,,,,,,,,,,,,,,2.145317097,,,,,,,,,,,,,,,,,,,,,,,,,1.181068668,,,,,,,,,,,,,,,,,,,,,,,,,,,,,,,,,,,,,,,,,,,,,,,,,,,100
135,Larinus scolymi,Arthropods,Land_Coast,,,,,0.101285986,,,,,,,,,,,,,,,,,,,,,,,,,,,,,,,,,,,,,,,,,,,,0.273475546,,,,,,,,,,,,,,,,,,,25.85219144,,,,,,,,0.000828181,,,,,,,,,,,,,,,,,,,,,,,10.84745102,,,,,,,,,,,,,,,,,,,,,,,,,,,,,,,0.004218244,,,,10.02883138,,,,,,,,,,,,,,,,,,,,,,,,,,,,,,,,,,,,,,,,0.013504551,,,,,,,,,,,,52.87821365,,,,,,,,,,,,,,,,,,,,,,,,,,,,,,,,,,,,,,,,,,,,,,,,,,,,,,,,,,,,,,,,,,,100
136,Larinus sturnus,Arthropods,Land_Coast,,0.358459465,0.272151852,,0.005719141,,,,,,,,1.060947368,0.229823557,,,,2.617436775,0.387124092,,,,,,,0.655163524,,,,,1.42591753,,,,,,,,,,,,,,,,,,0.69612016,,,,0.994334498,0.538285993,,,,,,,,,0.577319215,,,,3.43935125,6.79834121,,,,,0.693494325,4.514297545,,,0.924228593,,,,,,0.000934126,,,,,,,1.177367272,,,,,,,,,1.62278011,,,,0.001503185,,,2.36551404,,,,,,0.138008734,,,,0.813978667,,,0.001733841,0.818820464,0.032931805,,,,,,,,0.419481832,0.000238184,,0.173591301,,0.369108017,,,,,0.468142477,,,,,,,,0.321099076,,2.057209516,,,,,,,,,,3.954905673,0.006579997,,,2.986979643,36.15355355,,,,,,,,,,0.000762538,,,0.980633969,,,,0.611928698,0.256848634,,,,4.424561481,,,,4.202042796,0.523483077,,,,,,,,,,,0.626952891,,,,,,7.564972024,,0.734836286,,,,,,,,,,,,,,,,,,,,,,,,,,,,,,,,,,,,,,,,,,,100
137,Larinus turbinatus,Arthropods,Land_Coast,,0.310786649,,,0.004958532,,,,,0.211973913,,,0.919848152,0.070886183,,,,2.269334422,0.335639063,,,,,,,0.568030965,,,,,1.236279617,,,,,,2.037277039,,,,,,,,,,,,0.60354063,,,,0.862094369,0.447725928,,,,,,,,,0.500539452,,,,0.900603032,6.001219799,,,,,0.754651839,3.91392484,,,0.858092329,,,,,,0.000809893,,,,,,,1.020784954,,,,0.000391734,,,,,2.713507539,,,,0.001303271,,,1.777641323,,,,,,0.119654455,,,,0.70572471,,,0.001503251,0.709922578,0.028552085,,,,,,,,0.363693431,0.000206507,,0.150504768,,,,,,,0.405882521,,,,,,,,0.278394952,,,,,,,,,,,,3.42892851,0.853305096,,,2.589730452,31.85035143,,,,,,,,,,0.000661126,,,0.850215922,,,,0.530546095,0.222689408,,,,5.268138756,,,,0.555215702,0.453863175,,,,,,,,,,,5.490140443,,,,,,6.558879122,,0.833834212,9.42761569,,,,1.34E-07,,,,,,,,,,,,,,,,,,,,,,,,,,,,,,,,,,,,,,100
138,Larinus ursus,Arthropods,Land_Coast,,,0.367085544,,0.06418258,,,,,,,,,,,,,,,,,,,,,,,,,,,,,,,,,,,,,,,,,,,,,,,,,,,,,,,,,,,,,,,12.15289295,,,,,,,,0.000524799,,,,,,,,,,,,,,,,,,,,,,1.001204175,2.69992514,,,,,,0.679038413,,,,,,,,,,,,0.141233848,,,,,,,,,,,,,0.002673004,,,,13.21843783,,,,,,,,,,,,,,,,,,,,,,,,,,8.085929176,,,,,,,,,,,,,,,,,,,,,,,,,,60.09330152,,,,,,0.658176087,,,,,,,,,,,,,,,,,,,,,,,,,,0.83539494,,,,,,,,,,,,,,,,,,,,,,,,,,,,,,,,,,,100
139,Larinus villosus,Arthropods,Land_Coast,,,,,,,,,,,,,,,,,,,,,,,,,,,,,,,,,,,,,,,,,,,,,,,,,,,,,,,,,,,,,,,,,,,,,,,,,,,,,,,,,,,,,,,,,,,,,,,,,,,,,,,,,,,,,,,,,,,,,,,,,,,,,,,,,,,,,,,,,,,,,,,,,,,,,,,,,,,,,,,,,,,,,,,,,,,,,,,,,,,,,,,,,,,,,,,,,,,,,,,,,,,,,,,,,,,100,,,,,,,,,,,,,,,,,,,,,,,,,,,,,,,,,,,,,,,,,,100
140,Larinus vulpes,Arthropods,Land_Coast,,,,,0.02129856,,,,,,,,,,,,,,,,,,,,,,,,,,,,,,,,,,,,,,,,,,,,,,,,,,,,,,,,,,,,,,,4.919247221,,,,,0.009050739,,,,,,,,,,,,,,,,,,,,,,,,,,0.496648028,,,,,,,18.90332704,,,,,,,,,,,,,,,,,,,,,,,0.748748147,0.000887018,,,,,,,,,,,,,,,,,,,,,,,,,,,,,,,,,0.187091571,59.50105214,,,,,,,,,,,,,,,,,,,,,,2.394374668,,,,,,,,,,,,,,,,,,,,,,12.81827487,,,,,,,,,,,,,,,,,,,,,,,,,,,,,,,,,,,,,,,,,,,,,100
141,Lariophagus distinguendus,Arthropods,Coast,,,,,,,,,,,,,,,,,,,,,,,,,,,,,,,,,,,,,,,,,,,,,,,,,,,,,,,,,,,,,,,,,,,,,,,,,,,,,,,,,,,,,,,,,,,,,,,,,,,,,100,,,,,,,,,,,,,,,,,,,,,,,,,,,,,,,,,,,,,,,,,,,,,,,,,,,,,,,,,,,,,,,,,,,,,,,,,,,,,,,,,,,,,,,,,,,,,,,,,,,,,,,,,,,,,,,,,,,,,,,,,,,,,,,,,,,,,,,,,,,,,,,,,,,,,,,,100
142,Lariophagus obtusus,Arthropods,Land_Coast,,,,,,,,,,,,,,,,,,,,,,,,,,,,,,,,,,,,,,,,,,,,,,,,,,,,,,,,,,,,,,,,,,,,,,,,,,,,,,,,,,,,,,,,,,,,,,,,,,,,,100,,,,,,,,,,,,,,,,,,,,,,,,,,,,,,,,,,,,,,,,,,,,,,,,,,,,,,,,,,,,,,,,,,,,,,,,,,,,,,,,,,,,,,,,,,,,,,,,,,,,,,,,,,,,,,,,,,,,,,,,,,,,,,,,,,,,,,,,,,,,,,,,,,,,,,,,100
143,Larisa subsolana,Arthropods,Land_Coast,,,,,,,,,,,,,,,,,,,,,,,,,,,,,,,,,,,,,6.609483198,,,,,,,,,,,,,,,,,,,,,,,,,,,,,,,,,,,,,,,,,,,,,,,,,,,,,,,,,,,,,,,,,,,,,,,,,,,,,,,,,,,,,,,,,,2.094918132,,,,,,,,,,,,,,,,,,,,,,,,,,,,,,,,,,,,,,,,,,,,,,,,,,,,,,,,,,,,,,,,,,,,,,,,,,,,,,,,,,,,91.29559867,,,,,,,,,,,,,,,,,,,,,,,,,,,,,,,,,,,,,,,,,,100
144,Lariscus hosei,Mammals,Land_Coast,,,,,,,,,,,,,,,,,,,,,,,,,,,,,,,,,,,,,,,,,,,,,,,,,,,,,,,,,,,,,,,,,,,,,,,,,,,,,,,,,,,,,,,,,,,,,,,,,,,,,,,,,,,,,,,,,,,,,,,,,,,100,,,,,,,,,,,,,,,,,,,,,,,,,,,,,,,,,,,,,,,,,,,,,,,,,,,,,,,,,,,,,,,,,,,,,,,,,,,,,,,,,,,,,,,,,,,,,,,,,,,,,,,,,,,,,,,,,,,,,,,,,,,,,,,,,,100
145,Lariscus insignis,Mammals,Land_Coast,,,,,,,,,,,,,,,,,,,,,,,,,,,,,,0.239372783,,,,,,,,,,,,,,,,,,,,,,,,,,,,,,,,,,,,,,,,,,,,,,,,,,,,,,,,,,,,,,,72.39713496,,,,,,,,,,,,,,,,,,,,,,,,,,,,,,23.11785666,,,,,,,,,,,,,,,,,,,,,,,,,,,,,,,,,,,,,,,,,,,,,,,,,,,,,,,0.046224902,,,,,,,,,,,,,,,,,,4.199410697,,,,,,,,,,,,,,,,,,,,,,,,,,,,,,,,,,,,,,,,,,,,,,,,,,,,,,,,,100
146,Lariscus niobe,Mammals,Land_Coast,,,,,,,,,,,,,,,,,,,,,,,,,,,,,,,,,,,,,,,,,,,,,,,,,,,,,,,,,,,,,,,,,,,,,,,,,,,,,,,,,,,,,,,,,,,,,100,,,,,,,,,,,,,,,,,,,,,,,,,,,,,,,,,,,,,,,,,,,,,,,,,,,,,,,,,,,,,,,,,,,,,,,,,,,,,,,,,,,,,,,,,,,,,,,,,,,,,,,,,,,,,,,,,,,,,,,,,,,,,,,,,,,,,,,,,,,,,,,,,,,,,,,,,,,,,,,,100
147,Larix czekanowskii,Plants,Land,,,,,,,,,,,,,,,,,,,,,,,,,,,,,,,,,,,,,,,,,,,,,,,,,,,,,,,,,,,,,,,,,,,,,,,,,,,,,,,,,,,,,,,,,,,,,,,,,,,,,,,,,,,,,,,,,,,,,,,,,,,,,,,,,,,1.219405958,,,,,,,,,,,,,,,,,,,,,,,,,,,,,,,,,98.78059404,,,,,,,,,,,,,,,,,,,,,,,,,,,,,,,,,,,,,,,,,,,,,,,,,,,,,,,,,,,,,,,,,,,,,,,,,,,,,,,,,,,,,,,,,100
148,Larix decidua,Plants,Land_Coast,,0.090248811,,,0.005051845,,,,,,,,0.937158514,,,,,2.312040382,0.34195536,,,,,,,0.578720579,,,,,0.840352376,,,,,,6.069654417,,,,,,,,,,,,0.61489849,,,,0.878317878,0.475480044,,,,,,,,,0.509958961,,,,2.863494625,6.081165693,,,,,,3.98757988,,,0.048818498,,,,,,0.000825134,,,,,,,1.039994816,,,,,,0.773844517,0.006403745,,2.499734332,,,,0.001327797,,,0.005700673,,,,,,0.121906198,,,,0.719005543,,,0.00153154,0.72328241,0.029089399,,,,,,,,0.370537674,0.000210394,,0.153337075,,,,,,,0.413520709,,2.754918907,,,,,,0.152553571,,3.396207431,,,,,,,,,,3.493456542,0.860165801,,,2.527748977,16.99483312,,,,,,,,,,0.000673567,,,0.866215894,,,,0.540530291,0.226880137,,,,5.4771056,,,,4.962357028,0.462404297,,,,,,,,,,,,,,,,,6.32580788,,2.716022349,14.74697016,,,,1.36E-07,,,,,,,,,,,,,,,,,,,,,,,,,,,,,,,,,,,,,,100
149,Larix decidua x kaempferi,Plants,Land,,,,,,,,,,,,,,,,,,,,,,,,,,,,,,,,,,,,,,,,,,,,,,,,,,,,,5.315879645,,,,,,,,,,,,,,,,,,,,,94.68412035,,,,,,,,,,,,,,,,,,,,,,,,,,,,,,,,,,,,,,,,,,,,,,,,,,,,,,,,,,,,,,,,,,,,,,,,,,,,,,,,,,,,,,,,,,,,,,,,,,,,,,,,,,,,,,,,,,,,,,,,,,,,,,,,,,,,,,,,,,,,,,,,,,,,,,,,,,,,,,,,,,,,,,,,,,,,,,,,,,,100
150,Larix eurolepis,Plants,Land_Coast,,,,,0.044149478,,,,,,,,0.293815268,,,,,,2.988442813,,,,,,,,,,,,,,,,,,,,,,,,,,,,,,,,,,1.94226746,,,,,,,,,,2.554421482,,,,,44.52083218,,,,,,21.90931058,,,,,,,,,0.007211078,,,,,,,,,,,,,,0.055964102,,,,,,0.011603984,,,,,,,,,,,,,4.465018238,,,,0.004464883,0.25422033,,,,,,,,,,,,,,,,,,2.179715815,,,,,,,,,,,,,,,,,,,,1.181742573,,,,,,,,,,,,,,,,,,,,,,,,,,,5.457420544,,,,,0.637684713,,,,,,,,,,,,,,,,,,,11.49171447,,,,,,,,,,,,,,,,,,,,,,,,,,,,,,,,,,,,,,,,,,,100
151,Larix gmelinii,Plants,Land_Coast,,,,,,,,,,,,,0.112694431,,,,,1.679797106,,,,,,,,,,,,,,,,,,,,,,,,16.72010475,,,,,,,,,,,0.638135839,0.34545677,,,,,,,,,0.370507191,,,,0.762925797,,,,,,,2.381837044,,,,,,,,,,,,,,,,,,,,,,,,,,,0.446679869,,,,,,,,,0.993787909,0.541835874,,,,,0.522388553,,,,0.525495882,,,,,,,,,,,5.083659973,,,,,,,,0.136163553,,,,,,,,,,0.717189447,,,,,,,,,,2.538100624,,,,,61.73214411,,,,,,,,,,,,,,,,,0.209983606,,,,,,,,,1.974835912,,,,,,,,,,,,,,,,,,1.566275764,,,,,,,,,,,,,,,,,,,,,,,,,,,,,,,,,,,,,,,,,,,,,100
152,Larix griffithii,Plants,Land,,,,,,,,,,,,,,,,,,,,,,,11.12933241,,,,,,,,,,,,,,,,,,,66.22553893,,,,,,,,,,,,,,,,,,,,,,,,,,,,,,,,,,,,,,,,,,,,,,,,,,10.01267798,,,,,,,,,,,,,,,,,,,,,,,,,,,,,,,,,,,,,,,,,,,9.310799107,,,3.321651566,,,,,,,,,,,,,,,,,,,,,,,,,,,,,,,,,,,,,,,,,,,,,,,,,,,,,,,,,,,,,,,,,,,,,,,,,,,,,,,,,,,,,,,,,,,,,,,,,,,,,,,,,,,,,,,,,,,100
153,Larix kaempferi,Plants,Land_Coast,,0.183859417,,,0.006096571,,,,,,,,1.130963739,,,,,1.329717678,0.412672036,,,,,,,0.698400516,,,,,0.435959989,,,,,,1.979535865,,,,,30.78318326,,,,,,,0.742060052,,,,1.059954807,0.573809746,,,,,,,,,0.615418934,,,,1.628786112,7.280917634,,,,,,4.812214994,,,0.487877386,,,,,,0.000995773,,,,,,0.014027527,1.255066682,,,,,,0.93387626,0.007728045,,2.360714505,,4.783942222,,0.001602386,,,,,,,0.479403435,1.330335413,0.147116509,,,,0.867696537,,,0.001848264,0.872857864,0.035105113,0.000407182,,,,,,,,0.000253903,,0.18504732,,,,,,,0.499037164,,,,,,,,0.342289752,,3.041813133,,,,,,,,,,4.215906503,0.323551201,,,1.143411858,1.42736245,,,,,,,,,,0.000812861,,,1.045350122,,,,0.652312442,0.273799154,,,,2.098753333,,,,4.013245721,0.558029923,,,,,,,,,,,,,,,,,1.087334472,,3.277612191,8.559923881,,,,1.65E-07,,,,,,,,,,,,,,,,,,,,,,,,,,,,,,,,,,,,,,100
154,Larix laricina,Plants,Land_Coast,,,,,,,,,,,,,,,,,,,,,,,,,,,,,,,,,,,,,66.77714007,,,,,,,,,,,,,,,,,,,,,,,,,,,,,,,,,,,,,,,,,,,,,,,,,,,,,,,,,,,,,,,,,,,,,,,,,,,,,,,,,,,,,,,,,,,,,,,,,,,,,,,,,,,,,,,,,,,,,,,,,,,,,,,,,,,,,,,0.002494573,,,,,,,,,,,,,,,,,,,,,,,,,,,,,,,,,,,,,,,33.22036536,,,,,,,,,,,,,,,,,,,,,,,,,,,,,,,,,,,,,,,,,,100
155,Larix ledebourii,Plants,Land,,,,,,,,,,,,,,,,,,,,,,,,,,,,,,,,,,,,,,,,,,,,,,,,,,,,,,,,,,,,,,,,,,,,,,,,,,,,,,,,,,,,,,,,,,,,,,,,,,,,,,,,,,,,,,,,,,,,100,,,,,,,,,,,,,,,,,,,,,,,,,,,,,,,,,,,,,,,,,,,,,,,,,,,,,,,,,,,,,,,,,,,,,,,,,,,,,,,,,,,,,,,,,,,,,,,,,,,,,,,,,,,,,,,,,,,,,,,,,,,,,,,,,,,,,,,,,100
156,Larix lyallii,Plants,Land,,,,,,,,,,,,,,,,,,,,,,,,,,,,,,,,,,,,,36.75486211,,,,,,,,,,,,,,,,,,,,,,,,,,,,,,,,,,,,,,,,,,,,,,,,,,,,,,,,,,,,,,,,,,,,,,,,,,,,,,,,,,,,,,,,,,,,,,,,,,,,,,,,,,,,,,,,,,,,,,,,,,,,,,,,,,,,,,,,,,,,,,,,,,,,,,,,,,,,,,,,,,,,,,,,,,,,,,63.24513789,,,,,,,,,,,,,,,,,,,,,,,,,,,,,,,,,,,,,,,,,,100
157,Larix marschlinsii,Plants,Land_Coast,,,,,0.003905855,,,,,,,,0.000817108,,,,,,1.825420399,,,,,,,,,,,,,,,,,,,,,,,,,,,,,,,,,,0.375864293,2.538199644,,,,,,,,,2.650806712,,,,2.022963808,29.99094402,,,,,,19.27466614,,,,,,,,,0.004404718,,,,,,,,,,,,,,,,0.038392215,,,,0.007088022,,,,,,,,,,,,,2.558599856,,,,0.015016908,0.155284543,,,,,,,,,,,,,,,,,,2.207449354,,,,,,,,,,11.23214035,,,,,,,,,,0.364408325,,,,,0.411018354,,,,,,,,,,,,,,,,,,,,,,2.774531239,,,,11.89758572,1.478646777,,,,,,,,,,,,,,,,,,,8.171845636,,,,,,,,,,,,,,,,,,,,,,,,,,,,,,,,,,,,,,,,,,,100
158,Larix mastersiana,Plants,Land,,,,,,,,,,,,,,,,,,,,,,,,,,,,,,,,,,,,,,,,,,100,,,,,,,,,,,,,,,,,,,,,,,,,,,,,,,,,,,,,,,,,,,,,,,,,,,,,,,,,,,,,,,,,,,,,,,,,,,,,,,,,,,,,,,,,,,,,,,,,,,,,,,,,,,,,,,,,,,,,,,,,,,,,,,,,,,,,,,,,,,,,,,,,,,,,,,,,,,,,,,,,,,,,,,,,,,,,,,,,,,,,,,,,,,,,,,,,,,,,,,,,,,,,,,,,,,100
159,Larix occidentalis,Plants,Land,,,,,,,,,,,,,,,,,,,,,,,,,,,,,,,,,,,,,10.12168307,,,,,,,,,,,,,,,,,,,,,,,,,,,,,,,,,,,,,,,,,,,,,,,,,,,,,,,,,,,,,,,,,,,,,,,,,,,,,,,,,,,,,,,,,,0.007791425,,,,,,,,,,,,,,,,,,,,,,,,,,,,,,,,,,,,,,,,,,,,,,,,,,,,,,,,,,,,,,,,,,,,,,,,,,,,,,,,,,,,89.8705255,,,,,,,,,,,,,,,,,,,,,,,,,,,,,,,,,,,,,,,,,,100
160,Larix potaninii,Plants,Land,,,,,,,,,,,,,,,,,,,,,,,1.211262727,,,,,,,,,,,,,,,,,,,83.51030334,,,,,,,,,,,,,,,,,,,,,,,,,,,,,,,,,,,,,,,,,,,,,,,,,,2.196672217,,,,,,,,,,,,,,,,,,,,,,,2.430270866,,,,,,,,,,,,,,,,,,,,5.794489984,,,1.163391626,,,,,,,,,,,,,,,,,,,,,,,,,,,,,,,,,,,,,,,,,,,,,,,,,,,,,,,,,,0.488375134,,,,,,,,,,,,,,,,,,,,,3.205234105,,,,,,,,,,,,,,,,,,,,,,,,,,,,,,,,,,,,100
161,Larix sibirica,Plants,Land_Coast,,,,,,,,,,,,,,,,,,1.447999431,0.060720988,,,,,,,,,,,,,,,,,,,,,,,5.539032386,,,,,,,,,,,,0.302578337,,,,,,,,,0.324519475,,,,2.172267862,,,,,,,0.545540311,,,,,,,,,,,,,,,,,,,,,,,,,,,,,,,,9.64999441,,,,,,,,0.347052296,,0.457549173,,,,0.460270817,,,,,,,,,,,7.967111099,,,,,,,,0.261879056,,,,,,,,,,2.009477557,,,,,,,,,,0.825442659,,,,,63.81557775,,,,,,,,,,,,,,,,,,,,,,,,,,3.157864885,,,,,,,,,,,,,,,,,,0.655121503,,,,,,,,,,,,,,,,,,,,,,,,,,,,,,,,,,,,,,,,,,,,,100
162,Larkinia grandis,Other_Animals,Coast,,,,,,,,,,,,,,,,,,,,,,,,,,,,,,,,,,,,,,,,,,,,4.809635023,,,,7.797726295,,,,,,,,,,9.952242059,,2.868039949,,,,,,,,,,,,,,,,,,,,,,2.680361854,,,,,,1.360846802,,,,,,,,,,,,,,,,,,,,,,,,,,,,,,,,,,,,,,,55.67414913,,,,,,,,,,,,,,,3.362399297,,,,,,,,,,,10.69071167,,,0.803887924,,,,,,,,,,,,,,,,,,,,,,,,,,,,,,,,,,,,,,,,,,,,,,,,,,,,,,,,,,,,,,,,,,,,,,,,,,,,,,,,,,,,,,,,,,,,,,,,,100
163,Larkinia multicostata,Other_Animals,Coast,,,,,,,,,,,,,,,,,,,,,,,,,,,,,,,,,,,,,,,,,,,,,,,,7.584283502,,,,,,,,,,,,,,,,,,,,,,,,,,,,,,,,,,,,,,,,,,,,,,,,,,,,,,,,,,,,,,,,,,,,,,,,,,,,,,,88.04131749,,,,,,,,,,,,,,,,,,,,,,,,,,2.281368485,,,,,,,,,,,,,,,,,,,,,,,,,,,,,,,,,,,,,,,,,,,,,,,,,,,,,,,,,,2.093030517,,,,,,,,,,,,,,,,,,,,,,,,,,,,,,,,,,,,,,,,,,100
164,Larnaca infolda,Arthropods,Land,,,,,,,,,,,,,,,,,,,,,,,,,,,,,,,,,,,,,,,,,,100,,,,,,,,,,,,,,,,,,,,,,,,,,,,,,,,,,,,,,,,,,,,,,,,,,,,,,,,,,,,,,,,,,,,,,,,,,,,,,,,,,,,,,,,,,,,,,,,,,,,,,,,,,,,,,,,,,,,,,,,,,,,,,,,,,,,,,,,,,,,,,,,,,,,,,,,,,,,,,,,,,,,,,,,,,,,,,,,,,,,,,,,,,,,,,,,,,,,,,,,,,,,,,,,,,,100
165,Larnaca nigrata,Arthropods,Coast,,,,,,,,,,,,,,,,,,,,,,,,,,,,,,,,,,,,,,,,,,,,,,,,,,,,,,,,,,,,,,,,,,,,,,,,,,,,,,,,,,,,,,,,,,,,,,,,,,,,,,,,,,,,,,,,,,,,,,,,,,,41.0570364,,,,,,,,,,,,,,,,,,,,,,,,,,,,,,,,,,,,,,,,,,,,,,,,,,,,,,,0.778200028,,,,,,,,,,,,,,,,,,58.16476357,,,,,,,,,,,,,,,,,,,,,,,,,,,,,,,,,,,,,,,,,,,,,,,,,,,,,,,,,100
166,Larnaca pendleburyi,Arthropods,Land,,,,,,,,,,,,,,,,,,,,,,,,,,,,,,,,,,,,,,,,,,,,,,,,,,,,,,,,,,,,,,,,,,,,,,,,,,,,,,,,,,,,,,,,,,,,,,,,,,,,,,,,,,,,,,,,,,,,,,,,,,,100,,,,,,,,,,,,,,,,,,,,,,,,,,,,,,,,,,,,,,,,,,,,,,,,,,,,,,,,,,,,,,,,,,,,,,,,,,,,,,,,,,,,,,,,,,,,,,,,,,,,,,,,,,,,,,,,,,,,,,,,,,,,,,,,,,100
167,Larnaudia beusekomae,Arthropods,Land,,,,,,,,,,,,,,,,,,,,,,,,,,,,,,,,,,,,,,,,,,,,,,,,,,,,,,,,,,,,,,,,,,,,,,,,,,,,,,,,,,,,,,,,,,,,,,,,,,,,,,,,,,,,,,,,,,,,,,,,,,,,,,,,,,,,,,,,,,,,,,,,,,,,,,,,,,,,,,,,,,,,,,,,,,,,,,,,,,,,,,,,,,,,,,,,,,,,100,,,,,,,,,,,,,,,,,,,,,,,,,,,,,,,,,,,,,,,,,,,,,,,,,,,,,,,,,100
